session,plane,depth (um),pt_supervoxel_id,nwb_x,nwb_y,nwb_z,visual_area,layer,classification_system,cell_type
ses-4-scan-7,2,80,105487283075448384,296167.0,94711.0,15794.0,RL,L2/3,,
ses-4-scan-7,2,80,101758289725398432,269248.0,98832.0,18382.0,RL,L2/3,,
ses-4-scan-7,2,80,102391814782283808,273716.0,100363.0,19517.0,RL,L2/3,,
ses-4-scan-7,2,80,102531727972419184,274864.0,94064.0,22046.0,RL,L2/3,,
ses-4-scan-7,2,80,100491446037107984,259731.0,97037.0,16967.0,RL,L2/3,,
ses-4-scan-7,2,80,98661721048714608,246403.0,96034.0,15863.0,V1,L2/3,,
ses-4-scan-7,2,80,97676765526421840,239360.0,97728.0,21115.0,V1,L2/3,,
ses-4-scan-7,2,80,95003096107059872,219904.0,100512.0,15677.0,V1,L2/3,,
ses-4-scan-7,2,80,95073946021845424,220240.0,103936.0,16736.0,V1,L2/3,,
ses-4-scan-7,2,80,96761971986367024,232864.0,97872.0,22184.0,V1,L2/3,,
ses-4-scan-7,2,80,96902434798156000,233954.0,95679.0,23710.0,V1,L2/3,,
ses-4-scan-7,2,80,94792540099826672,218320.0,104320.0,19016.0,V1,L2/3,excitatory_neuron,23P
ses-4-scan-7,2,80,95846972288134032,226336.0,96064.0,23453.0,V1,L2/3,,
ses-4-scan-7,2,80,93384958856618048,208100.0,103017.0,17563.0,V1,L2/3,,
ses-4-scan-7,2,80,93596271449110096,209936.0,104504.0,19271.0,V1,L2/3,,
ses-4-scan-7,2,80,94439940934686816,215809.0,98923.0,22780.0,V1,L2/3,,
ses-4-scan-7,2,80,93946810036875728,212128.0,94544.0,23423.0,V1,L2/3,,
ses-4-scan-7,2,80,92399178835321120,200816.0,98272.0,24265.0,V1,L2/3,,
ses-4-scan-7,2,80,88318684623440560,171408.0,104688.0,21097.0,V1,L2/3,,
ses-4-scan-7,2,80,85645359136770608,151856.0,110144.0,17986.0,V1,L2/3,,
ses-4-scan-7,2,80,84730565597057984,145158.0,110036.0,19355.0,V1,L2/3,,
ses-4-scan-7,2,80,82971415443695840,132252.0,110550.0,17353.0,V1,L2/3,,
ses-4-scan-7,2,80,93525971155901024,209376.0,104880.0,17150.0,V1,L2/3,,
ses-4-scan-7,2,80,92188827443345712,199280.0,103920.0,16124.0,V1,L2/3,,
ses-4-scan-7,2,80,99294353826477920,250960.0,90976.0,25492.0,RL,L2/3,,
ses-4-scan-7,2,80,99436464966042000,251968.0,101104.0,19750.0,RL,L2/3,,
ses-4-scan-7,2,80,88670871270734400,173613.0,107612.0,16065.0,V1,L2/3,,
ses-4-scan-7,2,80,90640715071270896,188252.0,103751.0,15987.0,V1,L2/3,,
ses-4-scan-7,2,80,87826721554189552,167648.0,109664.0,18767.0,V1,L2/3,,
ses-4-scan-7,2,80,110905058841147280,335744.0,90128.0,22805.0,RL,L2/3,,
ses-4-scan-7,2,80,95988053239752016,227200.0,98960.0,22512.0,V1,L2/3,,
ses-4-scan-7,2,80,95566183566515776,224272.0,101312.0,16140.0,V1,L2/3,,
ses-4-scan-7,2,80,97817846209659248,240288.0,100080.0,18165.0,V1,L2/3,,
ses-4-scan-7,2,80,90922327487298496,190479.0,105086.0,16321.0,V1,L2/3,,
ses-4-scan-7,2,80,94932934192422176,219312.0,101952.0,20785.0,V1,L2/3,,
ses-4-scan-7,2,80,88178290061570560,170256.0,107440.0,16145.0,V1,L2/3,,
ses-4-scan-7,2,80,101336283485513712,266257.0,100181.0,18579.0,RL,L2/3,,
ses-4-scan-7,2,80,95002341132369856,219712.0,94704.0,22867.0,V1,L2/3,,
ses-4-scan-7,2,80,96268841222507248,229320.0,93868.0,23603.0,V1,L2/3,,
ses-4-scan-7,2,80,88529516112574768,172640.0,102976.0,22379.0,V1,L2/3,,
ses-4-scan-7,2,80,99999345931525104,256472.0,101043.0,17666.0,RL,L2/3,,
ses-4-scan-7,2,80,95917890519493648,226384.0,100096.0,21217.0,V1,L2/3,,
ses-4-scan-7,2,80,94511477373290640,216272.0,107518.0,18860.0,V1,L2/3,,
ses-4-scan-7,2,80,98380727712015824,244688.0,99552.0,20208.0,V1,L2/3,,
ses-4-scan-7,2,80,86630384116282176,158864.0,109024.0,17987.0,V1,L2/3,,
ses-4-scan-7,2,80,103587877141113328,282546.0,98824.0,18867.0,RL,L2/3,,
ses-4-scan-7,2,80,85574921606203984,151392.0,109648.0,17656.0,V1,L2/3,excitatory_neuron,23P
ses-4-scan-7,2,80,90218434691891008,184960.0,103440.0,22028.0,V1,L2/3,,
ses-4-scan-7,2,80,100421489878621760,259386.0,100280.0,19378.0,RL,L2/3,,
ses-4-scan-7,2,80,94370327232120432,215077.0,104420.0,15941.0,V1,L2/3,,
ses-4-scan-7,2,80,94369091221451408,215392.0,95312.0,23471.0,V1,L2/3,,
ses-4-scan-7,2,80,93244771392857792,207322.0,106736.0,19889.0,V1,L2/3,,
ses-4-scan-7,2,80,101969327171017568,270864.0,98160.0,17583.0,RL,L2/3,,
ses-4-scan-7,2,80,105065483128458288,293072.0,97920.0,17254.0,RL,L2/3,excitatory_neuron,23P
ses-4-scan-7,2,80,98029227387235888,241712.0,102464.0,18718.0,V1,L2/3,,
ses-4-scan-7,2,80,90570209626369808,187504.0,102896.0,21656.0,V1,L2/3,,
ses-4-scan-7,2,80,85434596502108688,150368.0,112512.0,18411.0,V1,L2/3,,
ses-4-scan-7,2,80,93737146040874736,210880.0,105232.0,16728.0,V1,L2/3,,
ses-4-scan-7,2,80,99295864782346560,251239.0,102403.0,18628.0,RL,L2/3,,
ses-4-scan-7,2,80,89656171396455904,181070.0,108519.0,17977.0,V1,L2/3,,
ses-4-scan-7,2,80,100491721049636800,259838.0,99493.0,18366.0,RL,L2/3,,
ses-4-scan-7,2,80,91203528256750544,192160.0,102688.0,21040.0,V1,L2/3,,
ses-4-scan-7,2,80,90360065131183600,186250.0,109993.0,19294.0,V1,L2/3,,
ses-4-scan-7,2,80,95847865238788752,226168.0,102715.0,20445.0,V1,L2/3,,
ses-4-scan-7,4,220,114146349729267648,359328.0,122528.0,17658.0,RL,L4,,
ses-4-scan-7,4,220,114287430882270560,360448.0,124848.0,18302.0,RL,L4,,
ses-4-scan-7,4,220,115623132022390272,370176.0,115104.0,23172.0,RL,L4,,
ses-4-scan-7,4,220,115623201144775520,370048.0,115568.0,26490.0,RL,L4,,
ses-4-scan-7,4,220,113302405701400912,353136.0,126096.0,16775.0,RL,L4,,
ses-4-scan-7,4,220,111965055964811344,343376.0,123312.0,16888.0,RL,L4,,
ses-4-scan-7,4,220,111402449675287040,339216.0,126000.0,16917.0,RL,L4,,
ses-4-scan-7,4,220,111965193537510384,343568.0,124400.0,17524.0,RL,L4,,
ses-4-scan-7,4,220,113724000429496592,356316.0,121523.0,22507.0,RL,L4,,
ses-4-scan-7,4,220,113160294964122352,352208.0,115616.0,25277.0,RL,L4,,
ses-4-scan-7,4,220,110557887306335008,333104.0,124976.0,17014.0,RL,L4,,
ses-4-scan-7,4,220,110347193524762592,331472.0,128048.0,17961.0,RL,L4,,
ses-4-scan-7,4,220,111121112138066848,337248.0,126832.0,17387.0,RL,L4,,
ses-4-scan-7,4,220,110558368409667936,332864.0,128272.0,17455.0,RL,L4,,
ses-4-scan-7,4,220,111261781107924848,338423.0,126374.0,18610.0,RL,L4,,
ses-4-scan-7,4,220,111754568542850272,341640.0,128079.0,19240.0,RL,L4,,
ses-4-scan-7,4,220,111543118914084128,340368.0,125520.0,20619.0,RL,L4,,
ses-4-scan-7,4,220,112176094014330656,345094.0,122962.0,20659.0,RL,L4,,
ses-4-scan-7,4,220,111823906830115664,342540.0,120301.0,21558.0,RL,L4,,
ses-4-scan-7,4,220,111683169409322064,341347.0,120053.0,22469.0,RL,L4,,
ses-4-scan-7,4,220,112457157076738368,346736.0,119952.0,23641.0,RL,L4,,
ses-4-scan-7,4,220,112316213564089584,345808.0,118032.0,24618.0,RL,L4,,
ses-4-scan-7,4,220,110346987232603088,331383.0,126232.0,17357.0,RL,L4,,
ses-4-scan-7,4,220,109713943412912192,326800.0,128624.0,17362.0,RL,L4,,
ses-4-scan-7,4,220,110277031073449184,330992.0,129728.0,19164.0,AL,L4,excitatory_neuron,23P
ses-4-scan-7,4,220,110065237914785392,329536.0,124560.0,21387.0,RL,L4,,
ses-4-scan-7,4,220,110557406873986416,332881.0,121354.0,21646.0,RL,L4,,
ses-4-scan-7,4,220,110136018975443664,329888.0,127440.0,21055.0,RL,L4,,
ses-4-scan-7,4,220,110979550753793280,335952.0,120896.0,22665.0,RL,L4,,
ses-4-scan-7,4,220,110416600733165648,332125.0,120638.0,22084.0,RL,L4,,
ses-4-scan-7,4,220,109783626102980816,327392.0,123152.0,25865.0,RL,L4,,
ses-4-scan-7,4,220,107954449662089568,313904.0,126304.0,15299.0,RL,L4,,
ses-4-scan-7,4,220,107180668353944976,308464.0,128224.0,15214.0,RL,L4,,
ses-4-scan-7,4,220,107250693567803952,309136.0,125840.0,15669.0,RL,L4,,
ses-4-scan-7,4,220,107743549923112176,312656.0,127744.0,17481.0,RL,L4,,
ses-4-scan-7,4,220,109572862662555680,325917.0,126044.0,19730.0,RL,L4,,
ses-4-scan-7,4,220,109432331466580512,324816.0,127312.0,20555.0,RL,L4,,
ses-4-scan-7,4,220,109924569212676672,328336.0,124640.0,21620.0,RL,L4,,
ses-4-scan-7,4,220,109431988070970224,325152.0,125008.0,22505.0,RL,L4,,
ses-4-scan-7,4,220,109643094303080848,326688.0,124864.0,22127.0,RL,L4,,
ses-4-scan-7,4,220,109291113277576976,323959.0,123873.0,23242.0,RL,L4,,
ses-4-scan-7,4,220,106969424883935552,306816.0,127472.0,16868.0,RL,L4,,
ses-4-scan-7,4,220,107040206079170592,307280.0,130272.0,17866.0,RL,L4,,
ses-4-scan-7,4,220,106899606163708416,306560.0,131616.0,18632.0,RL,L4,excitatory_neuron,23P
ses-4-scan-7,4,220,108095531351623680,315184.0,128928.0,19729.0,RL,L4,,
ses-4-scan-7,4,220,107532444026414304,310944.0,127920.0,20265.0,RL,L4,,
ses-4-scan-7,4,220,107532031843953760,310976.0,124752.0,21479.0,RL,L4,,
ses-4-scan-7,4,220,105210068639029536,294112.0,126160.0,15202.0,RL,L4,,
ses-4-scan-7,4,220,106266287466022224,301906.0,131685.0,18557.0,RL,L4,,
ses-4-scan-7,4,220,105984606465057056,299968.0,129952.0,19547.0,RL,L4,excitatory_neuron,23P
ses-4-scan-7,4,220,106899194048494352,306444.0,128306.0,20448.0,RL,L4,,
ses-4-scan-7,4,220,106688431480411056,304734.0,130776.0,20932.0,RL,L4,,
ses-4-scan-7,4,220,106617375675475136,304624.0,126128.0,21769.0,RL,L4,,
ses-4-scan-7,4,220,107390745069218224,310272.0,120896.0,24755.0,RL,L4,,
ses-4-scan-7,4,220,106617307627124336,304618.0,125424.0,26910.0,RL,L4,,
ses-4-scan-7,4,220,104647600057561648,290320.0,130144.0,17797.0,RL,L4,,
ses-4-scan-7,4,220,104788337746989536,290983.0,130170.0,19080.0,RL,L4,,
ses-4-scan-7,4,220,105983988191204704,299900.0,125620.0,21168.0,RL,L4,,
ses-4-scan-7,4,220,105632282043562672,297184.0,126160.0,22275.0,RL,L4,,
ses-4-scan-7,4,220,106265120040585184,301760.0,122688.0,25029.0,RL,L4,,
ses-4-scan-7,4,220,102677274884948544,275989.0,130172.0,15181.0,RL,L4,,
ses-4-scan-7,4,220,103240293893023040,279622.0,130391.0,17410.0,RL,L4,,
ses-4-scan-7,4,220,103169512899437360,279338.0,127541.0,18179.0,RL,L4,,
ses-4-scan-7,4,220,104014556439124160,285360.0,132143.0,19233.0,RL,L4,,
ses-4-scan-7,4,220,104787582504164464,291136.0,124448.0,24544.0,RL,L4,,
ses-4-scan-7,4,220,101410362746008368,266442.0,127762.0,16119.0,RL,L4,,
ses-4-scan-7,4,220,101480800276768800,266816.0,128269.0,16629.0,RL,L4,,
ses-4-scan-7,4,220,101832987729093216,269568.0,130832.0,17503.0,RL,L4,,
ses-4-scan-7,4,220,103450507712257520,281600.0,124000.0,24861.0,RL,L4,,
ses-4-scan-7,4,220,100425131608357200,259440.0,127511.0,16385.0,RL,L4,,
ses-4-scan-7,4,220,102043750834195696,271280.0,128672.0,21272.0,RL,L4,,
ses-4-scan-7,4,220,101270038245371520,265627.0,130828.0,21056.0,RL,L4,,
ses-4-scan-7,4,220,102395319945782304,273680.0,126173.0,23468.0,RL,L4,,
ses-4-scan-7,4,220,98314137934869264,243785.0,127787.0,15419.0,V1,L4,,
ses-4-scan-7,4,220,101691907515735616,268384.0,128464.0,24126.0,RL,L4,,
ses-4-scan-7,4,220,99932551606734192,255591.0,127676.0,25291.0,V1,L4,,
ses-4-scan-7,4,220,97751601036612592,240115.0,130947.0,21131.0,V1,L4,,
ses-4-scan-7,4,220,98032732550353264,242160.0,128672.0,22351.0,V1,L4,,
ses-4-scan-7,4,220,96274819146240592,229124.0,138329.0,18806.0,V1,L4,,
ses-4-scan-7,4,220,96766988105528560,232496.0,134912.0,19129.0,V1,L4,,
ses-4-scan-7,4,220,96133738261587296,228061.0,135454.0,20106.0,V1,L4,,
ses-4-scan-7,4,220,96696413605399264,232026.0,133448.0,22051.0,V1,L4,,
ses-4-scan-7,4,220,97399826437827056,237594.0,131488.0,24181.0,V1,L4,,
ses-4-scan-7,4,220,97751326762835360,239776.0,128816.0,25859.0,V1,L4,,
ses-4-scan-7,4,220,93952719106661232,212456.0,138741.0,17381.0,V1,L4,,
ses-4-scan-7,4,220,95429844527183824,222768.0,134160.0,19104.0,V1,L4,,
ses-4-scan-7,4,220,94866757269042976,219079.0,133155.0,20115.0,V1,L4,,
ses-4-scan-7,4,220,95429844862722832,223088.0,134064.0,21659.0,V1,L4,,
ses-4-scan-7,4,220,95640676284519616,224448.0,131840.0,22238.0,V1,L4,,
ses-4-scan-7,4,220,96273788823757280,229248.0,130304.0,22283.0,V1,L4,,
ses-4-scan-7,4,220,96203145336076960,228480.0,128704.0,23494.0,V1,L4,,
ses-4-scan-7,4,220,93107813072618848,206336.0,134976.0,16456.0,V1,L4,,
ses-4-scan-7,4,220,93037719340862032,205392.0,137280.0,17702.0,V1,L4,,
ses-4-scan-7,4,220,93740925746223936,210784.0,133487.0,17661.0,V1,L4,,
ses-4-scan-7,4,220,94937057428044240,219536.0,132672.0,21226.0,V1,L4,,
ses-4-scan-7,4,220,91348662986779616,193410.0,135823.0,15325.0,V1,L4,,
ses-4-scan-7,4,220,92404675655204032,200800.0,139440.0,18596.0,V1,L4,excitatory_neuron,23P
ses-4-scan-7,4,220,92686150564920832,203200.0,139216.0,18166.0,V1,L4,,
ses-4-scan-7,4,220,91701125585329840,196112.0,140080.0,18165.0,V1,L4,,
ses-4-scan-7,4,220,92545344558213392,202160.0,138816.0,19535.0,V1,L4,,
ses-4-scan-7,4,220,92474769722853472,201363.0,137160.0,20162.0,V1,L4,,
ses-4-scan-7,4,220,92896982322162912,204624.0,137152.0,21207.0,V1,L4,,
ses-4-scan-7,4,220,92966595353714096,205152.0,131632.0,23003.0,V1,L4,excitatory_neuron,23P
ses-4-scan-7,4,220,93670282996309856,210032.0,131440.0,24110.0,V1,L4,,
ses-4-scan-7,4,220,91559907060932416,194781.0,136522.0,18377.0,V1,L4,,
ses-4-scan-7,4,220,91278913321365072,193024.0,140064.0,19485.0,V1,L4,,
ses-4-scan-7,4,220,91137626077493328,191680.0,135904.0,19729.0,V1,L4,,
ses-4-scan-7,4,220,92051870599726384,198458.0,132019.0,24132.0,V1,L4,,
ses-4-scan-7,4,220,92263045484766784,200064.0,132384.0,23750.0,V1,L4,,
ses-4-scan-7,4,220,92825720761671168,204014.0,130547.0,25318.0,V1,L4,,
ses-4-scan-7,4,220,91559426829873088,194788.0,133231.0,24508.0,V1,L4,,
ses-4-scan-7,4,220,89167300636260336,177317.0,136086.0,14915.0,V1,L4,,
ses-4-scan-7,4,220,89307625875367520,178403.0,133098.0,15787.0,V1,L4,,
ses-4-scan-7,4,220,89730594858288816,181728.0,138624.0,20107.0,V1,L4,,
ses-4-scan-7,4,220,90856357460463312,189888.0,137536.0,21190.0,V1,L4,,
ses-4-scan-7,4,220,90926382674615472,190320.0,134992.0,21950.0,V1,L4,,
ses-4-scan-7,4,220,90785576600975856,189120.0,134656.0,22942.0,V1,L4,,
ses-4-scan-7,4,220,90715207990904320,188512.0,134384.0,23859.0,V1,L4,,
ses-4-scan-7,4,220,93036964701612240,205568.0,131776.0,27385.0,V1,L4,,
ses-4-scan-7,4,220,87971444637658864,168983.0,139282.0,17457.0,V1,L4,,
ses-4-scan-7,4,220,88816075860565792,174635.0,140914.0,18594.0,V1,L4,,
ses-4-scan-7,4,220,87901419558339328,168384.0,141680.0,18284.0,V1,L4,,
ses-4-scan-7,4,220,89519351388152848,180160.0,137664.0,21669.0,V1,L4,,
ses-4-scan-7,4,220,89378201650077440,178961.0,134817.0,22205.0,V1,L4,,
ses-4-scan-7,4,220,89378339156498352,178800.0,135664.0,23032.0,V1,L4,,
ses-4-scan-7,4,220,90574058386808464,187600.0,131552.0,25206.0,V1,L4,,
ses-4-scan-7,4,220,87479069922449152,165232.0,140912.0,20069.0,V1,L4,,
ses-4-scan-7,4,220,88463133231876912,172429.0,132763.0,23069.0,V1,L4,,
ses-4-scan-7,4,220,88604008092448288,173248.0,133600.0,22864.0,V1,L4,,
ses-4-scan-7,4,220,88956264264348320,175728.0,136496.0,23850.0,V1,L4,,
ses-4-scan-7,4,220,90504033307509968,187056.0,134288.0,26089.0,V1,L4,,
ses-4-scan-7,4,220,85016163406368240,147112.0,140769.0,16416.0,V1,L4,,
ses-4-scan-7,4,220,85438307219513456,150472.0,140212.0,17306.0,V1,L4,,
ses-4-scan-7,4,220,87618982978832528,166416.0,134480.0,21982.0,V1,L4,excitatory_neuron,23P
ses-4-scan-7,4,220,86845270390146560,160448.0,137024.0,21824.0,V1,L4,,
ses-4-scan-7,4,220,87267002087442512,163776.0,133504.0,24045.0,V1,L4,,
ses-4-scan-7,4,220,87126608196014384,162848.0,136336.0,23643.0,V1,L4,,
ses-4-scan-7,4,220,87548339758845664,165581.0,132775.0,24578.0,V1,L4,,
ses-4-scan-7,4,220,88533777122667712,172648.0,134386.0,25333.0,V1,L4,,
ses-4-scan-7,4,220,85438513780214848,150351.0,141803.0,20046.0,V1,L4,,
ses-4-scan-7,4,220,85789739160199728,152832.0,137344.0,21180.0,V1,L4,,
ses-4-scan-7,4,220,86211951692514048,155712.0,137072.0,21840.0,V1,L4,,
ses-4-scan-7,4,220,85930889099837040,154016.0,140256.0,22410.0,V1,L4,,
ses-4-scan-7,4,220,86282320705248096,156448.0,137312.0,23923.0,V1,L4,,
ses-4-scan-7,4,220,87056445744411568,162301.0,137744.0,24602.0,V1,L4,,
ses-4-scan-7,4,220,87337852136296464,164333.0,137218.0,25997.0,V1,L4,,
ses-4-scan-7,4,220,83960701701857088,139616.0,141376.0,22466.0,V1,L4,,
ses-4-scan-7,4,220,104154126702647904,286640.0,123296.0,26636.0,RL,L4,,
ses-4-scan-7,4,220,105280026542935136,294608.0,123248.0,26579.0,RL,L4,excitatory_neuron,23P
ses-4-scan-7,4,220,111120151340169072,337429.0,119821.0,26847.0,RL,L4,,
ses-4-scan-7,4,220,112457705960560128,347056.0,124096.0,17347.0,RL,L4,,
ses-4-scan-7,4,220,90926381936199328,190464.0,134960.0,16096.0,V1,L4,,
ses-4-scan-7,4,220,100355450461211280,258912.0,132544.0,19119.0,RL,L4,,
ses-4-scan-7,4,220,113865149898888112,357338.0,124442.0,19717.0,RL,L4,,
ses-4-scan-7,4,220,96203351896959152,228592.0,129764.0,26362.0,V1,L4,,
ses-4-scan-7,4,220,109009363355827872,321792.0,121920.0,22713.0,RL,L4,,
ses-4-scan-7,4,220,100003263478544560,256278.0,129876.0,21718.0,RL,L4,,
ses-4-scan-7,4,220,109783419407740080,327232.0,121712.0,21861.0,RL,L4,,
ses-4-scan-7,4,220,92966458384534400,205196.0,130317.0,26615.0,V1,L4,,
ses-4-scan-7,4,220,94303395938118736,214958.0,129887.0,27160.0,V1,L4,,
ses-4-scan-7,4,220,89589445992505264,180432.0,135664.0,27206.0,V1,L4,,
ses-4-scan-7,4,220,111120425546990032,337008.0,121888.0,21747.0,RL,L4,,
ses-4-scan-7,4,220,94655650499877056,217176.0,133019.0,16230.0,V1,L4,,
ses-4-scan-7,4,220,114005475338812384,358322.0,121173.0,21783.0,RL,L4,,
ses-4-scan-7,4,220,110908976052978528,335824.0,119168.0,24577.0,RL,L4,,
ses-4-scan-7,4,220,108728163055787296,319888.0,123920.0,21244.0,RL,L4,,
ses-4-scan-7,4,220,107531414173842112,311313.0,120255.0,27509.0,RL,L4,,
ses-4-scan-7,4,220,99580845593255104,253427.0,128268.0,27379.0,V1,L4,,
ses-4-scan-7,4,220,108727819525656608,319552.0,121504.0,21905.0,RL,L4,,
ses-4-scan-7,4,220,93951620332961920,212400.0,130304.0,22761.0,V1,L4,excitatory_neuron,23P
ses-4-scan-7,4,220,107180737341840048,308448.0,128800.0,17228.0,RL,L4,,
ses-4-scan-7,4,220,112808451310405280,349248.0,115824.0,25812.0,RL,L4,,
ses-4-scan-7,4,220,116396844543865296,375644.0,112335.0,22687.0,RL,L4,,
ses-4-scan-7,4,220,99369601653145280,251860.0,127203.0,25159.0,V1,L4,,
ses-4-scan-7,4,220,112317587282772240,346090.0,128210.0,19689.0,RL,L4,,
ses-4-scan-7,4,220,111331119731061344,338880.0,118688.0,23736.0,RL,L4,,
ses-4-scan-7,4,220,109784312022674944,327569.0,128217.0,16142.0,RL,L4,,
ses-4-scan-7,4,220,98103031635160128,242574.0,128147.0,14884.0,V1,L4,,
ses-4-scan-7,4,220,92403919271316192,200768.0,133776.0,15159.0,V1,L4,,
ses-4-scan-7,4,220,107039999584792832,307664.0,128912.0,14979.0,RL,L4,,
ses-4-scan-7,4,220,87337851465027456,163936.0,137328.0,20702.0,V1,L4,,
ses-4-scan-7,4,220,108517263048652720,318181.0,125385.0,21647.0,RL,L4,,
ses-4-scan-7,4,220,107391569300488832,310128.0,127136.0,21862.0,RL,L4,,
ses-4-scan-7,4,220,85931163776045360,154032.0,142176.0,20552.0,V1,L4,,
ses-4-scan-7,4,220,107110506506564688,307863.0,130204.0,20954.0,RL,L4,,
ses-4-scan-7,4,220,112808657200584624,349568.0,117088.0,23943.0,RL,L4,,
ses-4-scan-7,4,220,90574264478172496,187808.0,133216.0,24728.0,V1,L4,,
ses-4-scan-7,4,220,85367320872251584,149878.0,135866.0,23756.0,V1,L4,,
ses-4-scan-7,4,220,112739524735561424,349168.0,126528.0,18536.0,RL,L4,,
ses-4-scan-7,4,220,110345957782173584,331536.0,118784.0,27203.0,RL,L4,,
ses-4-scan-7,4,220,108236062748688336,316031.0,127464.0,20240.0,RL,L4,,
ses-4-scan-7,4,220,83819552097785088,138465.0,137936.0,23815.0,V1,L4,,
ses-4-scan-7,4,220,85296814823129120,149520.0,134528.0,24615.0,V1,L4,,
ses-4-scan-7,4,220,84804439705630192,145690.0,136172.0,24479.0,V1,L4,,
ses-4-scan-7,4,220,113372774915024560,353664.0,125712.0,20085.0,RL,L4,,
ses-4-scan-7,4,220,87900801686640592,168000.0,137392.0,22547.0,V1,L4,,
ses-4-scan-7,4,220,95500350441996256,223600.0,135024.0,17149.0,V1,L4,,
ses-4-scan-7,4,220,95430050752761328,223104.0,135584.0,19659.0,V1,L4,,
ses-4-scan-7,4,220,101973381553275104,270720.0,128496.0,17283.0,RL,L4,,
ses-4-scan-7,4,220,88111976370229536,169728.0,137648.0,20522.0,V1,L4,,
ses-4-scan-7,4,220,96344844427219568,229664.0,135712.0,19792.0,V1,L4,,
ses-4-scan-7,4,220,109995487511753184,328918.0,128831.0,20412.0,RL,L4,,
ses-4-scan-7,4,220,105279957554696112,294887.0,122973.0,24241.0,RL,L4,,
ses-4-scan-7,4,220,113021068566327472,351146.0,126823.0,19858.0,RL,L4,,
ses-4-scan-7,4,220,98947526291730480,248704.0,128656.0,22821.0,V1,L4,,
ses-4-scan-7,4,220,106054493703429056,300552.0,126236.0,16254.0,RL,L4,,
ses-4-scan-7,4,220,98173126642401088,242976.0,126096.0,23651.0,V1,L4,,
ses-4-scan-7,4,220,95499939332903728,223345.0,132231.0,26215.0,V1,L4,,
ses-4-scan-7,4,220,111049988150299520,336848.0,121088.0,22140.0,RL,L4,,
ses-4-scan-7,4,220,96837425434906912,233232.0,135664.0,18022.0,V1,L4,,
ses-4-scan-7,4,220,102254307713816320,272560.0,124528.0,24490.0,RL,L4,,
ses-4-scan-7,4,220,98455425783049392,244928.0,131808.0,20059.0,V1,L4,,
ses-4-scan-7,4,220,106899262499132784,306291.0,128722.0,18050.0,RL,L4,,
ses-4-scan-7,4,220,110910212332267984,335550.0,128603.0,19308.0,RL,L4,,
ses-4-scan-7,4,220,106687674895038608,305008.0,125408.0,15751.0,RL,L4,,
ses-4-scan-7,4,220,89870851444505008,182764.0,135235.0,21126.0,V1,L4,,
ses-4-scan-7,4,220,111402449809953072,339281.0,125946.0,18326.0,RL,L4,,
ses-4-scan-7,4,220,86704601621043856,159572.0,137457.0,21672.0,V1,L4,,
ses-4-scan-7,4,220,111965605921457408,343472.0,127664.0,18016.0,RL,L4,,
ses-4-scan-7,4,220,107602194765206976,311408.0,123520.0,23949.0,RL,L4,,
ses-4-scan-7,4,220,97751188854214368,239834.0,127901.0,22373.0,V1,L4,,
ses-4-scan-7,4,220,82835076136020576,131540.0,143063.0,18331.0,V1,L4,,
ses-4-scan-7,4,220,85719164526317088,152384.0,135392.0,23487.0,V1,L4,,
ses-4-scan-7,4,220,96343882958487312,229878.0,128655.0,24353.0,V1,L4,,
ses-4-scan-7,4,220,97751462792441872,240000.0,129920.0,15090.0,V1,L4,,
ses-4-scan-7,4,220,83116276100665792,133216.0,141264.0,17371.0,V1,L4,,
ses-4-scan-7,4,220,85719713275624752,152429.0,139622.0,15864.0,V1,L4,,
ses-4-scan-7,4,220,83609132322026656,137186.0,143262.0,18389.0,V1,L4,,
ses-4-scan-7,4,220,114498193517144320,361645.0,122086.0,18074.0,RL,L4,,
ses-4-scan-7,4,220,87689627137886928,166939.0,136510.0,26103.0,V1,L4,,
ses-4-scan-7,4,220,98244525574834160,243664.0,133376.0,19118.0,V1,L4,,
ses-4-scan-7,4,220,110487381526283104,332494.0,124051.0,20444.0,RL,L4,,
ses-4-scan-7,4,220,94585145457494368,216880.0,131856.0,24898.0,V1,L4,,
ses-4-scan-7,4,220,111120768942896784,337418.0,124226.0,20050.0,RL,L4,,
ses-4-scan-7,4,220,112738975315387840,348784.0,122528.0,21173.0,RL,L4,,
ses-4-scan-7,4,220,99229687926043856,250731.0,133402.0,18468.0,V1,L4,,
ses-4-scan-7,4,220,91700301958498976,196080.0,133952.0,26030.0,V1,L4,,
ses-4-scan-7,4,220,93318439544290592,207744.0,131534.0,26532.0,V1,L4,,
ses-4-scan-7,4,220,92263800594071248,199840.0,138272.0,17918.0,V1,L4,excitatory_neuron,23P
ses-4-scan-7,4,220,86282663899490240,156196.0,139535.0,20493.0,V1,L4,,
ses-4-scan-7,4,220,94515531822374880,216448.0,137824.0,18814.0,V1,L4,,
ses-4-scan-7,4,220,112598581357388512,347904.0,124800.0,20738.0,AL,L4,excitatory_neuron,23P
ses-4-scan-7,4,220,106194889003671472,301296.0,123904.0,26965.0,RL,L4,,
ses-4-scan-7,4,220,85226446146043792,148592.0,134464.0,25107.0,V1,L4,,
ses-4-scan-7,4,220,90996750546322640,190864.0,134992.0,15291.0,V1,L4,,
ses-4-scan-7,4,220,88815663879199440,174931.0,137636.0,21104.0,V1,L4,,
ses-4-scan-7,4,220,109502700076506992,325539.0,127325.0,19524.0,RL,L4,,
ses-4-scan-7,4,220,102465551720403360,274438.0,125334.0,26735.0,RL,L4,,
ses-4-scan-7,4,220,102465413946121520,274144.0,124272.0,24346.0,RL,L4,,
ses-4-scan-7,4,220,98596300307641888,246137.0,133091.0,16912.0,V1,L4,,
ses-4-scan-7,4,220,87407808764798624,164588.0,134218.0,27416.0,V1,L4,,
ses-4-scan-7,4,220,88533708403204000,172768.0,134257.0,25341.0,V1,L4,,
ses-4-scan-7,4,220,94796320074218688,218640.0,132704.0,22528.0,V1,L4,,
ses-4-scan-7,4,220,116678044844030064,377534.0,110776.0,24256.0,RL,L4,,
ses-4-scan-7,4,220,97891926678222368,240928.0,128143.0,25022.0,V1,L4,,
ses-4-scan-7,4,220,84171395751325040,141248.0,138160.0,23097.0,V1,L4,,
ses-4-scan-7,4,220,106757907005590304,305264.0,124192.0,21952.0,RL,L4,,
ses-4-scan-7,4,220,98102964459370096,242674.0,127471.0,26773.0,V1,L4,,
ses-4-scan-7,4,220,96907245228557952,233648.0,131456.0,24175.0,V1,L4,,
ses-4-scan-7,4,220,106405995102175808,303088.0,123680.0,26088.0,RL,L4,,
ses-4-scan-7,4,220,106335419997843360,302560.0,122352.0,24216.0,RL,L4,,
ses-4-scan-7,4,220,93177906804912608,206784.0,133280.0,15632.0,V1,L4,,
ses-4-scan-7,4,220,90433526922590032,186549.0,133068.0,24124.0,V1,L4,,
ses-4-scan-7,4,220,98103856537548384,242578.0,134258.0,17108.0,V1,L4,,
ses-4-scan-7,4,220,98385194679495216,244454.0,132833.0,21874.0,V1,L4,,
ses-4-scan-7,4,220,98314756745920640,243920.0,132560.0,18172.0,V1,L4,,
ses-4-scan-7,4,220,111402312303858640,339469.0,125102.0,17779.0,RL,L4,,
ses-4-scan-7,4,220,111683375500368080,341432.0,121686.0,21699.0,RL,L4,,
ses-4-scan-7,4,220,105983851020891392,299841.0,124600.0,23424.0,RL,L4,,
ses-4-scan-7,4,220,108798257190653280,320512.0,121712.0,23446.0,RL,L4,,
ses-4-scan-7,4,220,107461045160951024,310336.0,120448.0,25220.0,RL,L4,,
ses-4-scan-7,4,220,88463339524671280,172132.0,134287.0,24206.0,V1,L4,,
ses-4-scan-7,4,220,104717762576374080,290712.0,128357.0,17409.0,RL,L4,,
ses-4-scan-7,4,220,107814331252886768,313040.0,130816.0,19772.0,RL,L4,,
ses-4-scan-7,4,220,89026289679485904,176651.0,134176.0,25806.0,V1,L4,,
ses-4-scan-7,4,220,98807064284950768,247669.0,130609.0,27162.0,V1,L4,,
ses-4-scan-7,4,220,99299781725307136,251408.0,131392.0,18033.0,V1,L4,,
ses-4-scan-7,4,220,85367252018872640,149728.0,135024.0,23000.0,V1,L4,,
ses-4-scan-7,4,220,89800620273816128,182192.0,135904.0,22426.0,V1,L4,,
ses-4-scan-7,4,220,92474701137855680,201275.0,136476.0,21377.0,V1,L4,,
ses-4-scan-7,4,220,102817463624096864,276992.0,125712.0,22799.0,RL,L4,,
ses-4-scan-7,4,220,89448433156752912,179436.0,133660.0,23862.0,V1,L4,,
ses-4-scan-7,4,220,110417356312199600,332192.0,126624.0,19811.0,RL,L4,,
ses-4-scan-7,4,220,102817395105879648,276944.0,125503.0,24274.0,RL,L4,,
ses-4-scan-7,4,220,89659470803804880,181232.0,132960.0,24699.0,V1,L4,excitatory_neuron,23P
ses-4-scan-7,4,220,92825926651545120,203972.0,132267.0,23160.0,V1,L4,,
ses-4-scan-7,4,220,106827863701099712,306048.0,121312.0,23781.0,RL,L4,,
ses-4-scan-7,4,220,111049850979937504,336442.0,120500.0,24298.0,RL,L4,,
ses-4-scan-7,4,220,89941220255950144,183153.0,135359.0,21782.0,V1,L4,,
ses-4-scan-7,4,220,109362168612907632,324483.0,129223.0,18937.0,RL,L4,,
ses-4-scan-7,4,220,90503826880448064,187136.0,132672.0,23831.0,V1,L4,,
ses-4-scan-7,4,220,105984743971229568,300016.0,131072.0,20147.0,RL,L4,,
ses-4-scan-7,4,220,93248825707591280,207273.0,137324.0,18731.0,V1,L4,,
ses-4-scan-7,4,220,97611412968877632,238960.0,135120.0,18894.0,V1,L4,,
ses-4-scan-7,4,220,112598855832932944,347936.0,126688.0,17917.0,RL,L4,,
ses-4-scan-7,4,220,109854612114673584,328160.0,127888.0,16848.0,RL,L4,,
ses-4-scan-7,4,220,95430050551304640,222944.0,135712.0,17987.0,V1,L4,,
ses-4-scan-7,4,220,95007975592762272,220064.0,136480.0,18908.0,V1,L4,,
ses-4-scan-7,4,220,104084788079584544,286240.0,130800.0,21559.0,RL,L4,,
ses-4-scan-7,4,220,104999169504597200,292464.0,128160.0,22457.0,RL,L4,,
ses-4-scan-7,4,220,94866620232853424,218992.0,131984.0,23321.0,V1,L4,,
ses-4-scan-7,4,220,103732326084719856,283616.0,126512.0,23087.0,RL,L4,,
ses-4-scan-7,4,220,105280781248726288,294885.0,129185.0,16940.0,RL,L4,,
ses-4-scan-7,4,220,110839637362509744,335313.0,127110.0,18750.0,RL,L4,,
ses-4-scan-7,4,220,108939475379581296,321292.0,125240.0,20693.0,RL,L4,,
ses-4-scan-7,4,220,106828756651398816,306150.0,128131.0,20497.0,RL,L4,,
ses-4-scan-7,4,220,91770464477201824,196240.0,132784.0,25581.0,V1,L4,excitatory_neuron,23P
ses-4-scan-7,4,220,94022950747330016,212976.0,137504.0,19830.0,V1,L4,,
ses-4-scan-7,4,220,102817601331520208,276832.0,127104.0,24871.0,RL,L4,excitatory_neuron,23P
ses-4-scan-7,4,220,97822107152786176,240560.0,132096.0,20754.0,V1,L4,,
ses-4-scan-7,4,220,114497232115841440,361594.0,115049.0,23446.0,RL,L4,,
ses-4-scan-7,4,220,106898370085619504,306384.0,122416.0,25374.0,RL,L4,,
ses-4-scan-7,4,220,107812614138322448,313152.0,118272.0,26373.0,RL,L4,,
ses-4-scan-7,4,220,109784518583482944,327216.0,130016.0,19000.0,RL,L4,,
ses-4-scan-7,6,360,115487685396877984,368770.0,154359.0,19106.0,AL,L5,,
ses-4-scan-7,6,360,116331286230080240,375270.0,148311.0,23106.0,AL,L5,,
ses-4-scan-7,6,360,115205455311342000,366832.0,148912.0,25329.0,AL,L5,,
ses-4-scan-7,6,360,114643329253386400,362558.0,155228.0,19619.0,AL,L5,,
ses-4-scan-7,6,360,112532060300216752,347424.0,153728.0,16346.0,AL,L5,,
ses-4-scan-7,6,360,113165654546259824,352192.0,155680.0,21022.0,AL,L5,,
ses-4-scan-7,6,360,113094736583597264,351664.0,151712.0,25538.0,AL,L5,,
ses-4-scan-7,6,360,112531649056527856,347392.0,150640.0,24077.0,AL,L5,,
ses-4-scan-7,6,360,111969111621450176,343456.0,153472.0,25740.0,AL,L5,,
ses-4-scan-7,6,360,109083923115861056,322129.0,153263.0,16217.0,RL,L5,,
ses-4-scan-7,6,360,109717860690956480,326992.0,157472.0,18946.0,RL,L5,,
ses-4-scan-7,6,360,110492054517316768,332488.0,158716.0,20547.0,AL,L5,,
ses-4-scan-7,6,360,110562148249880976,333253.0,156727.0,19956.0,AL,L5,,
ses-4-scan-7,6,360,111546967607342752,340176.0,154208.0,23609.0,AL,L5,,
ses-4-scan-7,6,360,108169473173354736,315664.0,155360.0,17403.0,RL,L5,,
ses-4-scan-7,6,360,109507166708685680,325231.0,160860.0,18829.0,RL,L5,,
ses-4-scan-7,6,360,110070116795858352,329360.0,160768.0,19475.0,RL,L5,,
ses-4-scan-7,6,360,109085023030157136,322535.0,161111.0,19312.0,RL,L5,,
ses-4-scan-7,6,360,109084817140263536,322288.0,159440.0,21479.0,RL,L5,,
ses-4-scan-7,6,360,109999129912072560,328896.0,155904.0,22145.0,AL,L5,,
ses-4-scan-7,6,360,109999061326826256,329137.0,155369.0,23179.0,RL,L5,,
ses-4-scan-7,6,360,110210030187823584,330384.0,154496.0,23942.0,RL,L5,,
ses-4-scan-7,6,360,110843280233124112,335152.0,154208.0,24541.0,AL,L5,,
ses-4-scan-7,6,360,109506549374057552,325601.0,156175.0,27391.0,AL,L5,,
ses-4-scan-7,6,360,108521386418504624,318220.0,156085.0,23111.0,RL,L5,,
ses-4-scan-7,6,360,108380717582692272,317024.0,156704.0,22749.0,RL,L5,,
ses-4-scan-7,6,360,108873505419920768,320736.0,157952.0,26163.0,RL,L5,,
ses-4-scan-7,6,360,106974029491034608,306784.0,161856.0,19503.0,RL,L5,,
ses-4-scan-7,6,360,106762786021094720,305376.0,160736.0,21198.0,RL,L5,,
ses-4-scan-7,6,360,107114286144470384,307984.0,158208.0,21111.0,RL,L5,,
ses-4-scan-7,6,360,107184792461947312,308464.0,159392.0,22247.0,RL,L5,,
ses-4-scan-7,6,360,107606798835887616,311546.0,157458.0,22902.0,RL,L5,,
ses-4-scan-7,6,360,107607004994180880,311497.0,158952.0,22802.0,RL,L5,,
ses-4-scan-7,6,360,107254611651704320,309056.0,154974.0,23823.0,RL,L5,,
ses-4-scan-7,6,360,107395830310606176,309856.0,158672.0,24867.0,RL,L5,,
ses-4-scan-7,6,360,106481449020077872,303168.0,161712.0,25207.0,RL,L5,,
ses-4-scan-7,6,360,103595985770899216,282195.0,159354.0,16800.0,RL,L5,,
ses-4-scan-7,6,360,104933130556860848,292172.0,160290.0,25727.0,RL,L5,,
ses-4-scan-7,6,360,102611648522565024,275268.0,165453.0,20506.0,RL,L5,,
ses-4-scan-7,6,360,102822754688079552,276554.0,165285.0,20078.0,RL,L5,,
ses-4-scan-7,6,360,99936673500343696,255870.0,157927.0,15655.0,V1,L5,,
ses-4-scan-7,6,360,101414967152347600,266507.0,162019.0,17710.0,RL,L5,,
ses-4-scan-7,6,360,102188886436312096,271966.0,161282.0,21915.0,RL,L5,,
ses-4-scan-7,6,360,101837249074798048,269536.0,162752.0,23091.0,RL,L5,,
ses-4-scan-7,6,360,102610961730745216,275364.0,160058.0,23827.0,RL,L5,,
ses-4-scan-7,6,360,103033518195716976,278080.0,162704.0,26767.0,RL,L5,,
ses-4-scan-7,6,360,100570954874759792,260608.0,165520.0,20363.0,V1,L5,,
ses-4-scan-7,6,360,100570955076002496,260224.0,165104.0,21855.0,V1,L5,,
ses-4-scan-7,6,360,100500517679195104,259984.0,164752.0,22145.0,V1,L5,,
ses-4-scan-7,6,360,101344461707095504,265856.0,161376.0,23066.0,RL,L5,,
ses-4-scan-7,6,360,98178279864886704,242768.0,164336.0,17950.0,V1,L5,,
ses-4-scan-7,6,360,99655680499717024,253552.0,161696.0,22994.0,V1,L5,,
ses-4-scan-7,6,360,99796693134366544,254628.0,164038.0,25010.0,V1,L5,,
ses-4-scan-7,6,360,100078443122793200,256820.0,165810.0,25680.0,V1,L5,,
ses-4-scan-7,6,360,98459892549155152,245248.0,165168.0,20148.0,V1,L5,,
ses-4-scan-7,6,360,98952542679215200,248608.0,165712.0,21709.0,V1,L5,,
ses-4-scan-7,6,360,98952680185526816,248535.0,167012.0,22440.0,V1,L5,,
ses-4-scan-7,6,360,96278186266230352,229206.0,163525.0,17637.0,V1,L5,,
ses-4-scan-7,6,360,96278736156052288,229064.0,167543.0,18470.0,V1,L5,,
ses-4-scan-7,6,360,97193667471099264,235664.0,168448.0,20383.0,V1,L5,,
ses-4-scan-7,6,360,96982492586295904,234176.0,167713.0,20965.0,V1,L5,,
ses-4-scan-7,6,360,96841823951642896,233362.0,168263.0,22013.0,V1,L5,,
ses-4-scan-7,6,360,96489361822117504,230886.0,163795.0,22157.0,V1,L5,,
ses-4-scan-7,6,360,96559936791713360,231088.0,165248.0,22568.0,V1,L5,,
ses-4-scan-7,6,360,95786292922833440,225456.0,168448.0,22731.0,V1,L5,,
ses-4-scan-7,6,360,92900692435875040,204736.0,164672.0,15723.0,V1,L5,,
ses-4-scan-7,6,360,94097442727351856,213184.0,168352.0,20447.0,V1,L5,,
ses-4-scan-7,6,360,94589611955160064,216624.0,165568.0,22934.0,V1,L5,,
ses-4-scan-7,6,360,94870949627205344,218962.0,164511.0,23982.0,V1,L5,,
ses-4-scan-7,6,360,92830873917040400,204160.0,169136.0,19112.0,V1,L5,,
ses-4-scan-7,6,360,92619699032442592,202709.0,168496.0,19875.0,V1,L5,,
ses-4-scan-7,6,360,93604518256285248,209680.0,165984.0,23034.0,V1,L5,excitatory_neuron,4P
ses-4-scan-7,6,360,93885993568123424,211744.0,165920.0,25213.0,V1,L5,,
ses-4-scan-7,6,360,91915942803797792,197504.0,168008.0,19132.0,V1,L5,,
ses-4-scan-7,6,360,92408593135409472,200944.0,168320.0,22388.0,V1,L5,,
ses-4-scan-7,6,360,89382186507229536,179024.0,164368.0,15474.0,V1,L5,,
ses-4-scan-7,6,360,90156999077275568,184629.0,169910.0,19136.0,V1,L5,,
ses-4-scan-7,6,360,90719811860350160,188677.0,169146.0,21323.0,V1,L5,,
ses-4-scan-7,6,360,90860686720599392,189936.0,170112.0,20867.0,V1,L5,,
ses-4-scan-7,6,360,90508568390178304,186944.0,167753.0,22855.0,V1,L5,,
ses-4-scan-7,6,360,91071518343260448,191336.0,167912.0,22565.0,V1,L5,,
ses-4-scan-7,6,360,87904924049964816,168406.0,168014.0,16437.0,V1,L5,,
ses-4-scan-7,6,360,89734374765207328,181408.0,166816.0,22820.0,V1,L5,,
ses-4-scan-7,6,360,89523887075132992,180144.0,171216.0,23395.0,V1,L5,,
ses-4-scan-7,6,360,87694711573675088,166459.0,174557.0,19865.0,V1,L5,,
ses-4-scan-7,6,360,88327618155356352,171456.0,171424.0,21043.0,V1,L5,,
ses-4-scan-7,6,360,88116443405073888,169600.0,170704.0,22950.0,V1,L5,,
ses-4-scan-7,6,360,84457130463189248,143344.0,169712.0,16455.0,V1,L5,,
ses-4-scan-7,6,360,85160955612482880,148204.0,171110.0,18588.0,V1,L5,,
ses-4-scan-7,6,360,84809661714660288,145696.0,175232.0,19251.0,V1,L5,,
ses-4-scan-7,6,360,85935080853800000,153744.0,171456.0,21479.0,V1,L5,,
ses-4-scan-7,6,360,85442774656358880,150202.0,173590.0,22232.0,V1,L5,,
ses-4-scan-7,6,360,86075543665122272,155008.0,169232.0,22606.0,V1,L5,,
ses-4-scan-7,6,360,86708862564191136,159620.0,169217.0,24264.0,V1,L5,,
ses-4-scan-7,6,360,83612636679401600,136884.0,169178.0,15433.0,V1,L5,,
ses-4-scan-7,6,360,109084268055411296,322343.0,155524.0,26462.0,AL,L5,,
ses-4-scan-7,6,360,83753717966642480,138212.0,171728.0,17153.0,V1,L5,,
ses-4-scan-7,6,360,110421342310114656,332032.0,156288.0,21703.0,AL,L5,,
ses-4-scan-7,6,360,86216624482505760,156007.0,171971.0,20634.0,V1,L5,,
ses-4-scan-7,6,360,95152837323032256,221024.0,167536.0,26734.0,V1,L5,,
ses-4-scan-7,6,360,85301693704877664,149039.0,170794.0,23257.0,V1,L5,,
ses-4-scan-7,6,360,92971337467082944,205184.0,166848.0,26341.0,V1,L5,,
ses-4-scan-7,6,360,84387449652199888,142432.0,175200.0,22292.0,V1,L5,,
ses-4-scan-7,6,360,100288792300648176,258128.0,160144.0,17306.0,V1,L5,,
ses-4-scan-7,6,360,88960524670774576,175982.0,168139.0,22458.0,V1,L5,,
ses-4-scan-7,6,360,109999405461043872,328864.0,157968.0,27260.0,AL,L5,,
ses-4-scan-7,6,360,114432085246645712,361472.0,154096.0,17307.0,AL,L5,,
ses-4-scan-7,6,360,93956705305762512,212320.0,168336.0,20669.0,V1,L5,,
ses-4-scan-7,6,360,87905131148311600,168384.0,169248.0,23933.0,V1,L5,,
ses-4-scan-7,6,360,113446991681658912,353857.0,154327.0,18210.0,AL,L5,,
ses-4-scan-7,6,360,88468011375500192,172400.0,168912.0,16152.0,V1,L5,,
ses-4-scan-7,6,360,111335517979077584,338494.0,151748.0,25419.0,AL,L5,,
ses-4-scan-7,6,360,83261205544246528,134452.0,172458.0,17886.0,V1,L5,,
ses-4-scan-7,6,360,112390980556150720,346336.0,151216.0,26191.0,AL,L5,,
ses-4-scan-7,6,360,92619630044487968,202346.0,167997.0,17807.0,V1,L5,,
ses-4-scan-7,6,360,103666768106645328,283072.0,162240.0,26237.0,RL,L5,,
ses-4-scan-7,6,360,84668649683862224,144869.0,172750.0,21742.0,V1,L5,,
ses-4-scan-7,6,360,83613324276869376,137168.0,174336.0,18575.0,V1,L5,,
ses-4-scan-7,6,360,91564168876002544,194616.0,168264.0,27204.0,V1,L5,,
ses-4-scan-7,6,360,108170160636022064,315747.0,160687.0,19025.0,RL,L5,,
ses-4-scan-7,6,360,88468286790553888,172413.0,171008.0,20481.0,V1,L5,,
ses-4-scan-7,6,360,93956637056011920,212384.0,168048.0,24233.0,V1,L5,,
ses-4-scan-7,6,360,108380786570611728,317360.0,157200.0,24832.0,RL,L5,,
ses-4-scan-7,6,360,85372131101550160,149964.0,171443.0,22879.0,V1,L5,,
ses-4-scan-7,6,360,100219042568450944,257946.0,164563.0,21285.0,V1,L5,,
ses-4-scan-7,6,360,107817699312372768,313200.0,156208.0,25758.0,RL,L5,,
ses-4-scan-7,6,360,86498305148153152,158172.0,173708.0,17292.0,V1,L5,,
ses-4-scan-7,6,360,107747879384718288,312714.0,160310.0,18824.0,RL,L5,,
ses-4-scan-7,6,360,87623449878505440,166368.0,167968.0,22539.0,V1,L5,,
ses-4-scan-7,6,360,85794549255405200,153120.0,173248.0,19386.0,V1,L5,,
ses-4-scan-7,6,360,85231599637503936,148944.0,173136.0,21922.0,V1,L5,,
ses-4-scan-7,6,360,111546761650618608,340304.0,152576.0,25513.0,AL,L5,,
ses-4-scan-7,6,360,104581424140815216,289680.0,161264.0,24791.0,RL,L5,,
ses-4-scan-7,6,360,90719811927077376,188652.0,168715.0,21518.0,V1,L5,,
ses-4-scan-7,6,360,108380648930414432,317088.0,156272.0,23338.0,RL,L5,,
ses-4-scan-7,6,360,97967655339805392,241620.0,167813.0,23105.0,V1,L5,,
ses-4-scan-7,6,360,108240392948313216,316150.0,159740.0,27072.0,RL,L5,,
ses-4-scan-7,6,360,114221323013960960,359520.0,156544.0,20261.0,AL,L5,,
ses-4-scan-7,6,360,111476460887259632,339798.0,152818.0,19473.0,AL,L5,,
ses-4-scan-7,6,360,110984017587289968,336240.0,154064.0,23539.0,AL,L5,,
ses-4-scan-7,6,360,108944148236971696,321356.0,160080.0,20228.0,RL,L5,,
ses-4-scan-7,6,360,100007867750907008,256066.0,164526.0,22493.0,V1,L5,,
ses-4-scan-7,6,360,111899085736363680,342895.0,156022.0,20023.0,AL,L5,,
ses-4-scan-7,6,360,111476804820712192,339600.0,155664.0,22509.0,AL,L5,,
ses-4-scan-7,6,360,87905337104993536,168400.0,170800.0,22039.0,V1,L5,,
ses-4-scan-7,6,360,86850080283565680,160582.0,172768.0,18109.0,V1,L5,,
ses-4-scan-7,6,360,99022704795171296,249008.0,164464.0,18077.0,V1,L5,excitatory_neuron,5P-IT
ses-4-scan-7,6,360,104159142620564880,286704.0,160960.0,22109.0,RL,L5,,
ses-4-scan-7,6,360,96277979973689712,228902.0,161488.0,16679.0,V1,L5,,
ses-4-scan-7,6,360,89171836860005840,177362.0,169878.0,20577.0,V1,L5,,
ses-4-scan-7,6,360,112250929323142880,345513.0,156280.0,19086.0,AL,L5,,
ses-4-scan-7,6,360,104863105544398496,291616.0,162992.0,26866.0,RL,L5,,
ses-4-scan-7,6,360,87060911772545760,161949.0,170720.0,19285.0,V1,L5,,
ses-4-scan-7,6,360,101344873755682928,265902.0,164378.0,21150.0,RL,L5,,
ses-4-scan-7,6,360,108380510552005408,316976.0,155088.0,16242.0,RL,L5,,
ses-4-scan-7,6,360,95152492920633728,221088.0,164976.0,20839.0,V1,L5,,
ses-4-scan-7,6,360,111054797976990128,336595.0,157110.0,18159.0,AL,L5,,
ses-4-scan-7,6,360,89946030619279536,183312.0,171136.0,21746.0,V1,L5,,
ses-4-scan-7,6,360,109013967695114496,321896.0,156346.0,23844.0,RL,L5,,
ses-4-scan-7,6,360,98811393142776496,247683.0,162975.0,24059.0,V1,L5,,
ses-4-scan-7,6,360,109225279280681168,323504.0,157632.0,17618.0,RL,L5,,
ses-4-scan-7,6,360,89664418606366896,181009.0,169993.0,24899.0,V1,L5,,
ses-4-scan-7,6,360,86568399215903616,158736.0,171232.0,18945.0,V1,L5,,
ses-4-scan-7,6,360,90438131128003856,186512.0,167168.0,24559.0,V1,L5,,
ses-4-scan-7,6,360,114079554263761696,358883.0,148721.0,16750.0,AL,L5,,
ses-4-scan-7,6,360,107395691730859200,310048.0,157440.0,16185.0,RL,L5,,
ses-4-scan-7,6,360,107043574071715120,307344.0,155760.0,23494.0,RL,L5,,
ses-4-scan-7,6,360,111125304294250688,337171.0,157931.0,19128.0,AL,L5,,
ses-4-scan-7,6,360,105707049102838096,297818.0,159084.0,24458.0,RL,L5,,
ses-4-scan-7,6,360,110139386700013360,329936.0,152688.0,25014.0,RL,L5,,
ses-4-scan-7,6,360,95012236468339648,219968.0,168160.0,20604.0,V1,L5,excitatory_neuron,4P
ses-4-scan-7,6,360,93534286816549312,209168.0,166720.0,21758.0,V1,L5,,
ses-4-scan-7,6,360,86428005592893472,157536.0,174016.0,20580.0,V1,L5,,
ses-4-scan-7,6,360,112954616765222784,350448.0,156128.0,19350.0,AL,L5,,
ses-4-scan-7,6,360,83894111589368224,139024.0,169568.0,15315.0,V1,L5,,
ses-4-scan-7,6,360,102822412030332448,276983.0,162729.0,27338.0,RL,L5,,
ses-4-scan-7,6,360,89453175069170992,179664.0,169056.0,25944.0,V1,L5,,
ses-4-scan-7,6,360,111054660940386240,336768.0,156128.0,21001.0,AL,L5,,
ses-4-scan-7,6,360,86709274008955440,159448.0,172432.0,17851.0,V1,L5,,
ses-4-scan-7,6,360,113939504573942112,357568.0,154016.0,21164.0,AL,L5,,
ses-4-scan-7,6,360,106481173202817136,303200.0,159664.0,18185.0,RL,L5,,
ses-4-scan-7,8,500,115491877217710816,368772.0,185892.0,18471.0,AL,L6,,
ses-4-scan-7,8,500,114224964676292192,359696.0,183616.0,16525.0,AL,L6,,
ses-4-scan-7,8,500,113029245915559856,351040.0,187984.0,17775.0,AL,L6,,
ses-4-scan-7,8,500,111761852337890720,341676.0,182421.0,15846.0,AL,L6,,
ses-4-scan-7,8,500,111340327335628816,338928.0,187184.0,17606.0,AL,L6,,
ses-4-scan-7,8,500,112536802413490752,347408.0,189104.0,19636.0,AL,L6,,
ses-4-scan-7,8,500,110143714885845328,329984.0,184976.0,16006.0,RL,L6,,
ses-4-scan-7,8,500,106977052611209808,307109.0,184156.0,15452.0,RL,L6,,
ses-4-scan-7,8,500,109300115059396992,323904.0,190752.0,19798.0,RL,L6,,
ses-4-scan-7,8,500,108948683923592032,321297.0,194147.0,21642.0,RL,L6,,
ses-4-scan-7,8,500,109440853017402752,325099.0,191000.0,23238.0,RL,L6,,
ses-4-scan-7,8,500,107119302868059600,308169.0,195533.0,22983.0,RL,L6,,
ses-4-scan-7,8,500,108244996616085424,316368.0,193856.0,22708.0,RL,L6,,
ses-4-scan-7,8,500,107822646779445808,312928.0,193168.0,23451.0,RL,L6,,
ses-4-scan-7,8,500,104866127657763120,291552.0,185200.0,15009.0,RL,L6,,
ses-4-scan-7,8,500,103529396530550176,281728.0,187192.0,16040.0,RL,L6,,
ses-4-scan-7,8,500,104937802810359056,292140.0,195194.0,20773.0,RL,L6,,
ses-4-scan-7,8,500,105219827811491904,294048.0,198944.0,22970.0,RL,L6,,
ses-4-scan-7,8,500,104023834105001312,285325.0,201287.0,23059.0,RL,L6,,
ses-4-scan-7,8,500,104023627946770720,285392.0,199648.0,23218.0,RL,L6,,
ses-4-scan-7,8,500,100714921574243264,261664.0,189424.0,15531.0,V1,L6,,
ses-4-scan-7,8,500,100716502592278192,261408.0,201120.0,19418.0,V1,L6,,
ses-4-scan-7,8,500,98605646626745136,246272.0,202512.0,20971.0,V1,L6,,
ses-4-scan-7,8,500,98464566010431824,245136.0,200176.0,24232.0,V1,L6,,
ses-4-scan-7,8,500,96986684138594144,234224.0,199296.0,18228.0,V1,L6,,
ses-4-scan-7,8,500,95015946917678976,219824.0,196272.0,17767.0,V1,L6,,
ses-4-scan-7,8,500,96353915599472848,229887.0,203181.0,21330.0,V1,L6,,
ses-4-scan-7,8,500,93116815659693776,205936.0,202400.0,19073.0,V1,L6,inhibitory_neuron,MC
ses-4-scan-7,8,500,90723934425052960,188576.0,199456.0,16822.0,V1,L6,,
ses-4-scan-7,8,500,91568772007624064,195040.0,202912.0,19394.0,V1,L6,,
ses-4-scan-7,8,500,91990710198476896,197766.0,200629.0,23733.0,V1,L6,,
ses-4-scan-7,8,500,92905779019352352,204544.0,202800.0,25960.0,V1,L6,,
ses-4-scan-7,8,500,91146560011902992,192016.0,202448.0,22622.0,V1,L6,,
ses-4-scan-7,8,500,88401490988802912,171870.0,197453.0,16400.0,V1,L6,,
ses-4-scan-7,8,500,88613009672606240,173264.0,200544.0,17585.0,V1,L6,,
ses-4-scan-7,8,500,90020659837046864,183456.0,202752.0,20953.0,V1,L6,,
ses-4-scan-7,8,500,90795266449586928,189168.0,206960.0,25761.0,V1,L6,,
ses-4-scan-7,8,500,87628466132099472,166176.0,205216.0,20650.0,V1,L6,,
ses-4-scan-7,8,500,89035910137720480,176528.0,205840.0,23664.0,V1,L6,,
ses-4-scan-7,8,500,89317316596426432,178384.0,205408.0,25334.0,V1,L6,,
ses-4-scan-7,8,500,88191210464343168,170160.0,203920.0,25085.0,V1,L6,,
ses-4-scan-7,8,500,85306503598441312,149264.0,206992.0,19684.0,V1,L6,,
ses-4-scan-7,8,500,86291391742989984,156632.0,204569.0,24226.0,V1,L6,,
ses-4-scan-7,8,500,114436758372138912,361007.0,189011.0,18642.0,AL,L6,,
ses-4-scan-7,8,500,98534177967785776,245282.0,194693.0,17447.0,V1,L6,,
ses-4-scan-7,8,500,88543328459028704,173008.0,205856.0,20391.0,V1,L6,,
ses-4-scan-7,8,500,114084502804312736,358624.0,186032.0,22399.0,AL,L6,,
ses-4-scan-7,8,500,110918459206164048,335842.0,190044.0,23234.0,RL,L6,,
ses-4-scan-7,8,500,85798672356738320,152736.0,203600.0,18748.0,V1,L6,,
ses-4-scan-7,8,500,85025372487452416,147408.0,209200.0,21609.0,V1,L6,,
ses-4-scan-7,8,500,113521345954434176,354848.0,184240.0,16895.0,AL,L6,,
ses-4-scan-7,8,500,87628534784561616,165934.0,205726.0,20255.0,V1,L6,,
ses-4-scan-7,8,500,90443284752775904,186480.0,205552.0,21607.0,V1,L6,,
ses-4-scan-7,8,500,107330478356468144,309488.0,196240.0,26739.0,RL,L6,,
ses-4-scan-7,8,500,90302066362722528,185808.0,202272.0,22988.0,V1,L6,,
ses-4-scan-7,8,500,90935660206143056,190452.0,204386.0,24603.0,V1,L6,,
ses-4-scan-7,8,500,85658347587668272,151680.0,206576.0,21614.0,V1,L6,,
ses-4-scan-7,8,500,99942516132168512,255806.0,201795.0,26811.0,V1,L6,,
ses-4-scan-7,8,500,113663045917715040,355744.0,191376.0,19622.0,AL,L6,,
ses-4-scan-7,8,500,117602252885638576,384363.0,180641.0,22976.0,AL,L6,,
ses-4-scan-7,8,500,111974127337827488,343376.0,191040.0,19511.0,AL,L6,,
ses-4-scan-7,8,500,100926783989829568,263088.0,194816.0,17877.0,V1,L6,,
ses-4-scan-7,8,500,89317316327727936,178512.0,205280.0,23081.0,V1,L6,excitatory_neuron,5P-ET
ses-4-scan-7,8,500,100575215884946864,260608.0,197296.0,23431.0,V1,L6,,
ses-4-scan-7,8,500,104093584038563584,285936.0,196624.0,20659.0,RL,L6,,
ses-4-scan-7,8,500,95861197085354048,225860.0,202424.0,22222.0,V1,L6,,
ses-4-scan-7,8,500,110988621590434752,335956.0,188148.0,21593.0,RL,L6,,
ses-4-scan-7,8,500,89739459670692272,181712.0,204896.0,20048.0,V1,L6,,
ses-4-scan-7,8,500,92413472755175392,200837.0,204566.0,26589.0,V1,L6,,
ses-4-scan-7,8,500,90865359577787744,189584.0,204784.0,20258.0,V1,L6,,
ses-4-scan-7,8,500,110003527421809632,328768.0,188752.0,18106.0,RL,L6,,
ses-4-scan-7,8,500,115913814805046960,371868.0,183808.0,18644.0,AL,L6,,
ses-4-scan-7,8,500,84603091504582256,144320.0,208784.0,23462.0,V1,L6,,
ses-4-scan-7,8,500,91920685320073392,197568.0,203456.0,25761.0,V1,L6,,
ses-4-scan-7,8,500,112677471518026208,348256.0,188608.0,22261.0,RL,L6,excitatory_neuron,5P-IT
ses-4-scan-7,8,500,87135609776500528,162344.0,203401.0,18610.0,V1,L6,,
ses-4-scan-7,8,500,93398565849960896,208320.0,204240.0,21726.0,V1,L6,,
ses-4-scan-7,8,500,91921028112190784,197168.0,205776.0,19648.0,V1,L6,,
ses-4-scan-7,8,500,101420259021540256,266656.0,201904.0,21064.0,V1,L6,,
ses-4-scan-7,8,500,84110647331441040,140832.0,209632.0,20199.0,V1,L6,,
ses-4-scan-7,8,500,89598722719223936,180448.0,204496.0,24158.0,V1,L6,,
ses-4-scan-7,8,500,94876309947510880,219110.0,204183.0,25363.0,V1,L6,,
ses-4-scan-7,8,500,100575628000342864,260253.0,200266.0,21797.0,V1,L6,,
ses-4-scan-7,8,500,109792971414921664,327229.0,192831.0,21771.0,RL,L6,,
ses-4-scan-7,8,500,92763734518800432,203387.0,193197.0,15774.0,V1,L6,,
ses-4-scan-7,8,500,99942171930729360,255568.0,199360.0,22160.0,V1,L6,,
ses-4-scan-7,8,500,86080422681156784,155056.0,205952.0,22333.0,V1,L6,,
ses-4-scan-7,8,500,99870634284473616,255104.0,190384.0,17117.0,V1,L6,,
ses-4-scan-7,8,500,106274602455552832,301712.0,193360.0,18029.0,RL,L6,,
ses-4-scan-7,8,500,96283478672639568,229108.0,202584.0,25369.0,V1,L6,,
ses-4-scan-7,8,500,87557272150260048,165712.0,198912.0,16095.0,V1,L6,,
ses-4-scan-7,8,500,91708547087497744,195648.0,195312.0,16612.0,V1,L6,,
ses-4-scan-7,8,500,108034165060125264,314576.0,195840.0,21171.0,RL,L6,excitatory_neuron,5P-ET
ses-4-scan-7,8,500,106767596652802384,305312.0,196512.0,23179.0,RL,L6,,
ses-4-scan-7,8,500,86924709970711888,160976.0,204608.0,20561.0,V1,L6,excitatory_neuron,5P-ET
ses-4-scan-7,8,500,94242234329112976,214464.0,198688.0,17754.0,V1,L6,,
ses-4-scan-7,8,500,90302341576123120,185776.0,204208.0,25490.0,V1,L6,,
ses-4-scan-7,8,500,99378878380317280,251872.0,196528.0,22527.0,V1,L6,,
ses-4-scan-7,8,500,93538959740753168,209114.0,201466.0,21610.0,V1,L6,,
ses-4-scan-7,8,500,94382353140999472,215361.0,194139.0,16338.0,V1,L6,,
ses-4-scan-7,8,500,86150447224093088,155472.0,203248.0,17855.0,V1,L6,,
ses-4-scan-7,8,500,89808522208149920,182058.0,195229.0,16116.0,V1,L6,,
ses-4-scan-7,8,500,111341083384400208,338544.0,192992.0,18926.0,AL,L6,excitatory_neuron,5P-ET
ses-4-scan-7,8,500,106134415327316112,301063.0,197400.0,22912.0,RL,L6,,
ses-4-scan-7,8,500,107541446009625280,310976.0,195024.0,18378.0,RL,L6,,
ses-4-scan-7,8,500,92413197876877744,201168.0,202752.0,26211.0,V1,L6,,
ses-4-scan-7,8,500,96142465433879824,228162.0,200570.0,18627.0,V1,L6,,
ses-4-scan-7,8,500,95439053205868064,222768.0,202656.0,21472.0,V1,L6,,
ses-4-scan-7,8,500,90160709593591424,184510.0,197818.0,16686.0,V1,L6,,
ses-4-scan-7,8,500,105641697215815856,297136.0,196624.0,26857.0,RL,L6,,
ses-4-scan-7,8,500,83898854105245152,139021.0,204728.0,21557.0,V1,L6,,
ses-4-scan-7,8,500,91990709393165440,197730.0,200777.0,17595.0,V1,L6,,
ses-4-scan-7,8,500,101912772249623040,270064.0,201216.0,26786.0,V1,L6,,
ses-4-scan-7,8,500,85024616774436224,147216.0,203888.0,23064.0,V1,L6,,
ses-4-scan-7,8,500,105149252841577136,293686.0,197793.0,22285.0,RL,L6,,
ses-4-scan-7,8,500,96001865585942832,227184.0,201840.0,20299.0,V1,L6,,
ses-4-scan-7,8,500,90300897191826384,185744.0,193456.0,15570.0,V1,L6,,
ses-4-scan-7,8,500,110565583686815456,333299.0,182450.0,15852.0,RL,L6,,
ses-4-scan-7,8,500,102756647423950800,276512.0,197184.0,26804.0,RL,L6,,
ses-4-scan-7,8,500,110496246472799072,332704.0,189840.0,21331.0,RL,L6,,
ses-4-scan-7,8,500,99377915435235104,251471.0,189536.0,15861.0,V1,L6,,
ses-4-scan-7,8,500,110074240770261200,329264.0,191680.0,26048.0,RL,L6,,
ses-4-scan-7,8,500,85798534716379216,153040.0,202816.0,17117.0,V1,L6,,
ses-4-scan-7,8,500,83475953774466112,135836.0,199827.0,16546.0,V1,L6,,
ses-4-scan-7,8,500,93539234417662128,208992.0,203776.0,20292.0,V1,L6,,
ses-4-scan-7,8,500,97831109269846960,240608.0,198960.0,19605.0,V1,L6,,
